table_schema,table_name,column_name,data_type,column_default,is_nullable,constraint_details,is_primary_key,is_foreign_key,referenced_table,referenced_column
auth,audit_log_entries,created_at,timestamp with time zone,,YES,,NO,NO,,
auth,audit_log_entries,id,uuid,,NO,audit_log_entries_pkey (PRIMARY KEY),YES,NO,,
auth,audit_log_entries,instance_id,uuid,,YES,,NO,NO,,
auth,audit_log_entries,ip_address,character varying,''::character varying,NO,,NO,NO,,
auth,audit_log_entries,payload,json,,YES,,NO,NO,,
auth,flow_state,auth_code,text,,NO,,NO,NO,,
auth,flow_state,auth_code_issued_at,timestamp with time zone,,YES,,NO,NO,,
auth,flow_state,authentication_method,text,,NO,,NO,NO,,
auth,flow_state,code_challenge,text,,NO,,NO,NO,,
auth,flow_state,code_challenge_method,USER-DEFINED,,NO,,NO,NO,,
auth,flow_state,created_at,timestamp with time zone,,YES,,NO,NO,,
auth,flow_state,id,uuid,,NO,flow_state_pkey (PRIMARY KEY),YES,NO,,
auth,flow_state,provider_access_token,text,,YES,,NO,NO,,
auth,flow_state,provider_refresh_token,text,,YES,,NO,NO,,
auth,flow_state,provider_type,text,,NO,,NO,NO,,
auth,flow_state,updated_at,timestamp with time zone,,YES,,NO,NO,,
auth,flow_state,user_id,uuid,,YES,,NO,NO,,
auth,identities,created_at,timestamp with time zone,,YES,,NO,NO,,
auth,identities,email,text,,YES,,NO,NO,,
auth,identities,id,uuid,gen_random_uuid(),NO,identities_pkey (PRIMARY KEY),YES,NO,,
auth,identities,identity_data,jsonb,,NO,,NO,NO,,
auth,identities,last_sign_in_at,timestamp with time zone,,YES,,NO,NO,,
auth,identities,provider,text,,NO,identities_provider_id_provider_unique (UNIQUE),NO,NO,,
auth,identities,provider_id,text,,NO,identities_provider_id_provider_unique (UNIQUE),NO,NO,,
auth,identities,updated_at,timestamp with time zone,,YES,,NO,NO,,
auth,identities,user_id,uuid,,NO,identities_user_id_fkey (FOREIGN KEY),NO,YES,,
auth,instances,created_at,timestamp with time zone,,YES,,NO,NO,,
auth,instances,id,uuid,,NO,instances_pkey (PRIMARY KEY),YES,NO,,
auth,instances,raw_base_config,text,,YES,,NO,NO,,
auth,instances,updated_at,timestamp with time zone,,YES,,NO,NO,,
auth,instances,uuid,uuid,,YES,,NO,NO,,
auth,mfa_amr_claims,authentication_method,text,,NO,mfa_amr_claims_session_id_authentication_method_pkey (UNIQUE),NO,NO,,
auth,mfa_amr_claims,created_at,timestamp with time zone,,NO,,NO,NO,,
auth,mfa_amr_claims,id,uuid,,NO,amr_id_pk (PRIMARY KEY),YES,NO,,
auth,mfa_amr_claims,session_id,uuid,,NO,mfa_amr_claims_session_id_authentication_method_pkey (UNIQUE); mfa_amr_claims_session_id_fkey (FOREIGN KEY),NO,YES,,
auth,mfa_amr_claims,updated_at,timestamp with time zone,,NO,,NO,NO,,
auth,mfa_challenges,created_at,timestamp with time zone,,NO,,NO,NO,,
auth,mfa_challenges,factor_id,uuid,,NO,mfa_challenges_auth_factor_id_fkey (FOREIGN KEY),NO,YES,,
auth,mfa_challenges,id,uuid,,NO,mfa_challenges_pkey (PRIMARY KEY),YES,NO,,
auth,mfa_challenges,ip_address,inet,,NO,,NO,NO,,
auth,mfa_challenges,otp_code,text,,YES,,NO,NO,,
auth,mfa_challenges,verified_at,timestamp with time zone,,YES,,NO,NO,,
auth,mfa_challenges,web_authn_session_data,jsonb,,YES,,NO,NO,,
auth,mfa_factors,created_at,timestamp with time zone,,NO,,NO,NO,,
auth,mfa_factors,factor_type,USER-DEFINED,,NO,,NO,NO,,
auth,mfa_factors,friendly_name,text,,YES,,NO,NO,,
auth,mfa_factors,id,uuid,,NO,mfa_factors_pkey (PRIMARY KEY),YES,NO,,
auth,mfa_factors,last_challenged_at,timestamp with time zone,,YES,mfa_factors_last_challenged_at_key (UNIQUE),NO,NO,,
auth,mfa_factors,last_webauthn_challenge_data,jsonb,,YES,,NO,NO,,
auth,mfa_factors,phone,text,,YES,,NO,NO,,
auth,mfa_factors,secret,text,,YES,,NO,NO,,
auth,mfa_factors,status,USER-DEFINED,,NO,,NO,NO,,
auth,mfa_factors,updated_at,timestamp with time zone,,NO,,NO,NO,,
auth,mfa_factors,user_id,uuid,,NO,mfa_factors_user_id_fkey (FOREIGN KEY),NO,YES,,
auth,mfa_factors,web_authn_aaguid,uuid,,YES,,NO,NO,,
auth,mfa_factors,web_authn_credential,jsonb,,YES,,NO,NO,,
auth,oauth_authorizations,approved_at,timestamp with time zone,,YES,,NO,NO,,
auth,oauth_authorizations,authorization_code,text,,YES,oauth_authorizations_authorization_code_key (UNIQUE),NO,NO,,
auth,oauth_authorizations,authorization_id,text,,NO,oauth_authorizations_authorization_id_key (UNIQUE),NO,NO,,
auth,oauth_authorizations,client_id,uuid,,NO,oauth_authorizations_client_id_fkey (FOREIGN KEY),NO,YES,,
auth,oauth_authorizations,code_challenge,text,,YES,,NO,NO,,
auth,oauth_authorizations,code_challenge_method,USER-DEFINED,,YES,,NO,NO,,
auth,oauth_authorizations,created_at,timestamp with time zone,now(),NO,,NO,NO,,
auth,oauth_authorizations,expires_at,timestamp with time zone,(now() + '00:03:00'::interval),NO,,NO,NO,,
auth,oauth_authorizations,id,uuid,,NO,oauth_authorizations_pkey (PRIMARY KEY),YES,NO,,
auth,oauth_authorizations,redirect_uri,text,,NO,,NO,NO,,
auth,oauth_authorizations,resource,text,,YES,,NO,NO,,
auth,oauth_authorizations,response_type,USER-DEFINED,'code'::auth.oauth_response_type,NO,,NO,NO,,
auth,oauth_authorizations,scope,text,,NO,,NO,NO,,
auth,oauth_authorizations,state,text,,YES,,NO,NO,,
auth,oauth_authorizations,status,USER-DEFINED,'pending'::auth.oauth_authorization_status,NO,,NO,NO,,
auth,oauth_authorizations,user_id,uuid,,YES,oauth_authorizations_user_id_fkey (FOREIGN KEY),NO,YES,,
auth,oauth_clients,client_name,text,,YES,,NO,NO,,
auth,oauth_clients,client_secret_hash,text,,YES,,NO,NO,,
auth,oauth_clients,client_type,USER-DEFINED,'confidential'::auth.oauth_client_type,NO,,NO,NO,,
auth,oauth_clients,client_uri,text,,YES,,NO,NO,,
auth,oauth_clients,created_at,timestamp with time zone,now(),NO,,NO,NO,,
auth,oauth_clients,deleted_at,timestamp with time zone,,YES,,NO,NO,,
auth,oauth_clients,grant_types,text,,NO,,NO,NO,,
auth,oauth_clients,id,uuid,,NO,oauth_clients_pkey (PRIMARY KEY),YES,NO,,
auth,oauth_clients,logo_uri,text,,YES,,NO,NO,,
auth,oauth_clients,redirect_uris,text,,NO,,NO,NO,,
auth,oauth_clients,registration_type,USER-DEFINED,,NO,,NO,NO,,
auth,oauth_clients,updated_at,timestamp with time zone,now(),NO,,NO,NO,,
auth,oauth_consents,client_id,uuid,,NO,oauth_consents_client_id_fkey (FOREIGN KEY); oauth_consents_user_client_unique (UNIQUE),NO,YES,,
auth,oauth_consents,granted_at,timestamp with time zone,now(),NO,,NO,NO,,
auth,oauth_consents,id,uuid,,NO,oauth_consents_pkey (PRIMARY KEY),YES,NO,,
auth,oauth_consents,revoked_at,timestamp with time zone,,YES,,NO,NO,,
auth,oauth_consents,scopes,text,,NO,,NO,NO,,
auth,oauth_consents,user_id,uuid,,NO,oauth_consents_user_client_unique (UNIQUE); oauth_consents_user_id_fkey (FOREIGN KEY),NO,YES,,
auth,one_time_tokens,created_at,timestamp without time zone,now(),NO,,NO,NO,,
auth,one_time_tokens,id,uuid,,NO,one_time_tokens_pkey (PRIMARY KEY),YES,NO,,
auth,one_time_tokens,relates_to,text,,NO,,NO,NO,,
auth,one_time_tokens,token_hash,text,,NO,,NO,NO,,
auth,one_time_tokens,token_type,USER-DEFINED,,NO,,NO,NO,,
auth,one_time_tokens,updated_at,timestamp without time zone,now(),NO,,NO,NO,,
auth,one_time_tokens,user_id,uuid,,NO,one_time_tokens_user_id_fkey (FOREIGN KEY),NO,YES,,
auth,refresh_tokens,created_at,timestamp with time zone,,YES,,NO,NO,,
auth,refresh_tokens,id,bigint,nextval('auth.refresh_tokens_id_seq'::regclass),NO,refresh_tokens_pkey (PRIMARY KEY),YES,NO,,
auth,refresh_tokens,instance_id,uuid,,YES,,NO,NO,,
auth,refresh_tokens,parent,character varying,,YES,,NO,NO,,
auth,refresh_tokens,revoked,boolean,,YES,,NO,NO,,
auth,refresh_tokens,session_id,uuid,,YES,refresh_tokens_session_id_fkey (FOREIGN KEY),NO,YES,,
auth,refresh_tokens,token,character varying,,YES,refresh_tokens_token_unique (UNIQUE),NO,NO,,
auth,refresh_tokens,updated_at,timestamp with time zone,,YES,,NO,NO,,
auth,refresh_tokens,user_id,character varying,,YES,,NO,NO,,
auth,saml_providers,attribute_mapping,jsonb,,YES,,NO,NO,,
auth,saml_providers,created_at,timestamp with time zone,,YES,,NO,NO,,
auth,saml_providers,entity_id,text,,NO,saml_providers_entity_id_key (UNIQUE),NO,NO,,
auth,saml_providers,id,uuid,,NO,saml_providers_pkey (PRIMARY KEY),YES,NO,,
auth,saml_providers,metadata_url,text,,YES,,NO,NO,,
auth,saml_providers,metadata_xml,text,,NO,,NO,NO,,
auth,saml_providers,name_id_format,text,,YES,,NO,NO,,
auth,saml_providers,sso_provider_id,uuid,,NO,saml_providers_sso_provider_id_fkey (FOREIGN KEY),NO,YES,,
auth,saml_providers,updated_at,timestamp with time zone,,YES,,NO,NO,,
auth,saml_relay_states,created_at,timestamp with time zone,,YES,,NO,NO,,
auth,saml_relay_states,flow_state_id,uuid,,YES,saml_relay_states_flow_state_id_fkey (FOREIGN KEY),NO,YES,,
auth,saml_relay_states,for_email,text,,YES,,NO,NO,,
auth,saml_relay_states,id,uuid,,NO,saml_relay_states_pkey (PRIMARY KEY),YES,NO,,
auth,saml_relay_states,redirect_to,text,,YES,,NO,NO,,
auth,saml_relay_states,request_id,text,,NO,,NO,NO,,
auth,saml_relay_states,sso_provider_id,uuid,,NO,saml_relay_states_sso_provider_id_fkey (FOREIGN KEY),NO,YES,,
auth,saml_relay_states,updated_at,timestamp with time zone,,YES,,NO,NO,,
auth,schema_migrations,version,character varying,,NO,,NO,NO,,
auth,sessions,aal,USER-DEFINED,,YES,,NO,NO,,
auth,sessions,created_at,timestamp with time zone,,YES,,NO,NO,,
auth,sessions,factor_id,uuid,,YES,,NO,NO,,
auth,sessions,id,uuid,,NO,sessions_pkey (PRIMARY KEY),YES,NO,,
auth,sessions,ip,inet,,YES,,NO,NO,,
auth,sessions,not_after,timestamp with time zone,,YES,,NO,NO,,
auth,sessions,oauth_client_id,uuid,,YES,sessions_oauth_client_id_fkey (FOREIGN KEY),NO,YES,,
auth,sessions,refresh_token_counter,bigint,,YES,,NO,NO,,
auth,sessions,refresh_token_hmac_key,text,,YES,,NO,NO,,
auth,sessions,refreshed_at,timestamp without time zone,,YES,,NO,NO,,
auth,sessions,tag,text,,YES,,NO,NO,,
auth,sessions,updated_at,timestamp with time zone,,YES,,NO,NO,,
auth,sessions,user_agent,text,,YES,,NO,NO,,
auth,sessions,user_id,uuid,,NO,sessions_user_id_fkey (FOREIGN KEY),NO,YES,,
auth,sso_domains,created_at,timestamp with time zone,,YES,,NO,NO,,
auth,sso_domains,domain,text,,NO,,NO,NO,,
auth,sso_domains,id,uuid,,NO,sso_domains_pkey (PRIMARY KEY),YES,NO,,
auth,sso_domains,sso_provider_id,uuid,,NO,sso_domains_sso_provider_id_fkey (FOREIGN KEY),NO,YES,,
auth,sso_domains,updated_at,timestamp with time zone,,YES,,NO,NO,,
auth,sso_providers,created_at,timestamp with time zone,,YES,,NO,NO,,
auth,sso_providers,disabled,boolean,,YES,,NO,NO,,
auth,sso_providers,id,uuid,,NO,sso_providers_pkey (PRIMARY KEY),YES,NO,,
auth,sso_providers,resource_id,text,,YES,,NO,NO,,
auth,sso_providers,updated_at,timestamp with time zone,,YES,,NO,NO,,
auth,users,aud,character varying,,YES,,NO,NO,,
auth,users,banned_until,timestamp with time zone,,YES,,NO,NO,,
auth,users,confirmation_sent_at,timestamp with time zone,,YES,,NO,NO,,
auth,users,confirmation_token,character varying,,YES,,NO,NO,,
auth,users,confirmed_at,timestamp with time zone,,YES,,NO,NO,,
auth,users,created_at,timestamp with time zone,,YES,,NO,NO,,
auth,users,deleted_at,timestamp with time zone,,YES,,NO,NO,,
auth,users,email,character varying,,YES,,NO,NO,,
auth,users,email_change,character varying,,YES,,NO,NO,,
auth,users,email_change_confirm_status,smallint,0,YES,,NO,NO,,
auth,users,email_change_sent_at,timestamp with time zone,,YES,,NO,NO,,
auth,users,email_change_token_current,character varying,''::character varying,YES,,NO,NO,,
auth,users,email_change_token_new,character varying,,YES,,NO,NO,,
auth,users,email_confirmed_at,timestamp with time zone,,YES,,NO,NO,,
auth,users,encrypted_password,character varying,,YES,,NO,NO,,
auth,users,id,uuid,,NO,users_pkey (PRIMARY KEY),YES,NO,,
auth,users,instance_id,uuid,,YES,,NO,NO,,
auth,users,invited_at,timestamp with time zone,,YES,,NO,NO,,
auth,users,is_anonymous,boolean,false,NO,,NO,NO,,
auth,users,is_sso_user,boolean,false,NO,,NO,NO,,
auth,users,is_super_admin,boolean,,YES,,NO,NO,,
auth,users,last_sign_in_at,timestamp with time zone,,YES,,NO,NO,,
auth,users,phone,text,NULL::character varying,YES,users_phone_key (UNIQUE),NO,NO,,
auth,users,phone_change,text,''::character varying,YES,,NO,NO,,
auth,users,phone_change_sent_at,timestamp with time zone,,YES,,NO,NO,,
auth,users,phone_change_token,character varying,''::character varying,YES,,NO,NO,,
auth,users,phone_confirmed_at,timestamp with time zone,,YES,,NO,NO,,
auth,users,raw_app_meta_data,jsonb,,YES,,NO,NO,,
auth,users,raw_user_meta_data,jsonb,,YES,,NO,NO,,
auth,users,reauthentication_sent_at,timestamp with time zone,,YES,,NO,NO,,
auth,users,reauthentication_token,character varying,''::character varying,YES,,NO,NO,,
auth,users,recovery_sent_at,timestamp with time zone,,YES,,NO,NO,,
auth,users,recovery_token,character varying,,YES,,NO,NO,,
auth,users,role,character varying,,YES,,NO,NO,,
auth,users,updated_at,timestamp with time zone,,YES,,NO,NO,,
extensions,pg_stat_statements,calls,bigint,,YES,,NO,NO,,
extensions,pg_stat_statements,dbid,oid,,YES,,NO,NO,,
extensions,pg_stat_statements,jit_deform_count,bigint,,YES,,NO,NO,,
extensions,pg_stat_statements,jit_deform_time,double precision,,YES,,NO,NO,,
extensions,pg_stat_statements,jit_emission_count,bigint,,YES,,NO,NO,,
extensions,pg_stat_statements,jit_emission_time,double precision,,YES,,NO,NO,,
extensions,pg_stat_statements,jit_functions,bigint,,YES,,NO,NO,,
extensions,pg_stat_statements,jit_generation_time,double precision,,YES,,NO,NO,,
extensions,pg_stat_statements,jit_inlining_count,bigint,,YES,,NO,NO,,
extensions,pg_stat_statements,jit_inlining_time,double precision,,YES,,NO,NO,,
extensions,pg_stat_statements,jit_optimization_count,bigint,,YES,,NO,NO,,
extensions,pg_stat_statements,jit_optimization_time,double precision,,YES,,NO,NO,,
extensions,pg_stat_statements,local_blk_read_time,double precision,,YES,,NO,NO,,
extensions,pg_stat_statements,local_blk_write_time,double precision,,YES,,NO,NO,,
extensions,pg_stat_statements,local_blks_dirtied,bigint,,YES,,NO,NO,,
extensions,pg_stat_statements,local_blks_hit,bigint,,YES,,NO,NO,,
extensions,pg_stat_statements,local_blks_read,bigint,,YES,,NO,NO,,
extensions,pg_stat_statements,local_blks_written,bigint,,YES,,NO,NO,,
extensions,pg_stat_statements,max_exec_time,double precision,,YES,,NO,NO,,
extensions,pg_stat_statements,max_plan_time,double precision,,YES,,NO,NO,,
extensions,pg_stat_statements,mean_exec_time,double precision,,YES,,NO,NO,,
extensions,pg_stat_statements,mean_plan_time,double precision,,YES,,NO,NO,,
extensions,pg_stat_statements,min_exec_time,double precision,,YES,,NO,NO,,
extensions,pg_stat_statements,min_plan_time,double precision,,YES,,NO,NO,,
extensions,pg_stat_statements,minmax_stats_since,timestamp with time zone,,YES,,NO,NO,,
extensions,pg_stat_statements,plans,bigint,,YES,,NO,NO,,
extensions,pg_stat_statements,query,text,,YES,,NO,NO,,
extensions,pg_stat_statements,queryid,bigint,,YES,,NO,NO,,
extensions,pg_stat_statements,rows,bigint,,YES,,NO,NO,,
extensions,pg_stat_statements,shared_blk_read_time,double precision,,YES,,NO,NO,,
extensions,pg_stat_statements,shared_blk_write_time,double precision,,YES,,NO,NO,,
extensions,pg_stat_statements,shared_blks_dirtied,bigint,,YES,,NO,NO,,
extensions,pg_stat_statements,shared_blks_hit,bigint,,YES,,NO,NO,,
extensions,pg_stat_statements,shared_blks_read,bigint,,YES,,NO,NO,,
extensions,pg_stat_statements,shared_blks_written,bigint,,YES,,NO,NO,,
extensions,pg_stat_statements,stats_since,timestamp with time zone,,YES,,NO,NO,,
extensions,pg_stat_statements,stddev_exec_time,double precision,,YES,,NO,NO,,
extensions,pg_stat_statements,stddev_plan_time,double precision,,YES,,NO,NO,,
extensions,pg_stat_statements,temp_blk_read_time,double precision,,YES,,NO,NO,,
extensions,pg_stat_statements,temp_blk_write_time,double precision,,YES,,NO,NO,,
extensions,pg_stat_statements,temp_blks_read,bigint,,YES,,NO,NO,,
extensions,pg_stat_statements,temp_blks_written,bigint,,YES,,NO,NO,,
extensions,pg_stat_statements,toplevel,boolean,,YES,,NO,NO,,
extensions,pg_stat_statements,total_exec_time,double precision,,YES,,NO,NO,,
extensions,pg_stat_statements,total_plan_time,double precision,,YES,,NO,NO,,
extensions,pg_stat_statements,userid,oid,,YES,,NO,NO,,
extensions,pg_stat_statements,wal_bytes,numeric,,YES,,NO,NO,,
extensions,pg_stat_statements,wal_fpi,bigint,,YES,,NO,NO,,
extensions,pg_stat_statements,wal_records,bigint,,YES,,NO,NO,,
extensions,pg_stat_statements_info,dealloc,bigint,,YES,,NO,NO,,
extensions,pg_stat_statements_info,stats_reset,timestamp with time zone,,YES,,NO,NO,,
public,generated_problems,choices,jsonb,,NO,,NO,NO,,
public,generated_problems,classification,jsonb,,NO,,NO,NO,,
public,generated_problems,correct_answer_index,integer,,NO,,NO,NO,,
public,generated_problems,created_at,timestamp with time zone,now(),YES,,NO,NO,,
public,generated_problems,explanation,text,,YES,,NO,NO,,
public,generated_problems,id,uuid,gen_random_uuid(),NO,generated_problems_pkey (PRIMARY KEY),YES,NO,,
public,generated_problems,source_classification,jsonb,,YES,,NO,NO,,
public,generated_problems,stem,text,,NO,,NO,NO,,
public,generated_problems,updated_at,timestamp with time zone,now(),YES,,NO,NO,,
public,generated_problems,user_id,uuid,,NO,generated_problems_user_id_fkey (FOREIGN KEY),NO,YES,,
public,generated_problems,wrong_explanation,jsonb,,YES,,NO,NO,,
public,labels,ai_report,text,,YES,,NO,NO,,
public,labels,classification,jsonb,,YES,,NO,NO,,
public,labels,confidence,jsonb,,YES,,NO,NO,,
public,labels,created_at,timestamp with time zone,now(),NO,,NO,NO,,
public,labels,id,uuid,gen_random_uuid(),NO,labels_pkey (PRIMARY KEY),YES,NO,,
public,labels,is_correct,boolean,,YES,,NO,NO,,
public,labels,problem_id,uuid,,NO,labels_problem_id_fkey (FOREIGN KEY),NO,YES,public.problems,id
public,labels,user_answer,text,,YES,,NO,NO,,
public,labels,user_mark,text,,YES,,NO,NO,,
public,problem_solving_sessions,completed_at,timestamp with time zone,,YES,,NO,NO,,
public,problem_solving_sessions,created_at,timestamp with time zone,now(),NO,,NO,NO,,
public,problem_solving_sessions,id,uuid,gen_random_uuid(),NO,problem_solving_sessions_pkey (PRIMARY KEY),YES,NO,,
public,problem_solving_sessions,is_correct,boolean,,YES,,NO,NO,,
public,problem_solving_sessions,problem_id,uuid,,NO,problem_solving_sessions_problem_id_fkey (FOREIGN KEY); problem_solving_sessions_user_id_problem_id_key (UNIQUE),NO,YES,public.generated_problems,id
public,problem_solving_sessions,started_at,timestamp with time zone,now(),NO,,NO,NO,,
public,problem_solving_sessions,time_spent_seconds,integer,,YES,,NO,NO,,
public,problem_solving_sessions,user_id,uuid,,NO,problem_solving_sessions_user_id_fkey (FOREIGN KEY); problem_solving_sessions_user_id_problem_id_key (UNIQUE),NO,YES,,
public,problem_types,depth1,text,,NO,,NO,NO,,
public,problem_types,depth2,text,,NO,,NO,NO,,
public,problem_types,depth3,text,,NO,,NO,NO,,
public,problem_types,depth4,text,,NO,,NO,NO,,
public,problem_types,id,bigint,nextval('problem_types_id_seq'::regclass),NO,problem_types_pkey (PRIMARY KEY),YES,NO,,
public,problems,choices,jsonb,,YES,,NO,NO,,
public,problems,created_at,timestamp with time zone,now(),NO,,NO,NO,,
public,problems,id,uuid,gen_random_uuid(),NO,problems_pkey (PRIMARY KEY),YES,NO,,
public,problems,index_in_image,integer,,NO,,NO,NO,,
public,problems,session_id,uuid,,NO,problems_session_id_fkey (FOREIGN KEY),NO,YES,public.sessions,id
public,problems,stem,text,,YES,,NO,NO,,
public,profiles,age,integer,,YES,,NO,NO,,
public,profiles,created_at,timestamp with time zone,now(),NO,,NO,NO,,
public,profiles,email,text,,YES,,NO,NO,,
public,profiles,gender,text,,YES,,NO,NO,,
public,profiles,grade,text,,YES,,NO,NO,,
public,profiles,language,text,,YES,,NO,NO,,
public,profiles,user_id,uuid,,NO,profiles_pkey (PRIMARY KEY); profiles_user_id_fkey (FOREIGN KEY),YES,YES,,
public,sessions,created_at,timestamp with time zone,now(),NO,,NO,NO,,
public,sessions,id,uuid,gen_random_uuid(),NO,sessions_pkey (PRIMARY KEY),YES,NO,,
public,sessions,image_url,text,,NO,,NO,NO,,
public,sessions,status,text,'pending'::text,YES,,NO,NO,,
public,sessions,user_id,uuid,,NO,sessions_user_id_fkey (FOREIGN KEY),NO,YES,,
public,taxonomy,academic_vocab_index,text,,YES,,NO,NO,,
public,taxonomy,age_correspondence,text,,YES,,NO,NO,,
public,taxonomy,cefr,text,,YES,,NO,NO,,
public,taxonomy,cefr_lex,text,,YES,,NO,NO,,
public,taxonomy,code,text,,NO,taxonomy_pkey (PRIMARY KEY),YES,NO,,
public,taxonomy,core_rule_en,text,,YES,,NO,NO,,
public,taxonomy,core_rule_ko,text,,YES,,NO,NO,,
public,taxonomy,created_at,timestamp with time zone,now(),YES,,NO,NO,,
public,taxonomy,definition_en,text,,YES,,NO,NO,,
public,taxonomy,definition_ko,text,,YES,,NO,NO,,
public,taxonomy,depth1,text,,YES,,NO,NO,,
public,taxonomy,depth1_en,text,,YES,,NO,NO,,
public,taxonomy,depth2,text,,YES,,NO,NO,,
public,taxonomy,depth2_en,text,,YES,,NO,NO,,
public,taxonomy,depth3,text,,YES,,NO,NO,,
public,taxonomy,depth3_en,text,,YES,,NO,NO,,
public,taxonomy,depth4,text,,YES,,NO,NO,,
public,taxonomy,depth4_en,text,,YES,,NO,NO,,
public,taxonomy,difficulty,integer,,YES,,NO,NO,,
public,taxonomy,error_signals_en,text,,YES,,NO,NO,,
public,taxonomy,error_signals_ko,text,,YES,,NO,NO,,
public,taxonomy,example_correct,text,,YES,,NO,NO,,
public,taxonomy,example_wrong,text,,YES,,NO,NO,,
public,taxonomy,frequency_index,text,,YES,,NO,NO,,
public,taxonomy,label_en,text,,YES,,NO,NO,,
public,taxonomy,llm_hints,text,,YES,,NO,NO,,
public,taxonomy,ngsl_rank,text,,YES,,NO,NO,,
public,taxonomy,related_rules,text,,YES,,NO,NO,,
public,taxonomy,tags,ARRAY,,YES,,NO,NO,,
public,taxonomy,updated_at,timestamp with time zone,now(),YES,,NO,NO,,
public,taxonomy,vocabulary_level,text,,YES,,NO,NO,,
realtime,messages,event,text,,YES,,NO,NO,,
realtime,messages,extension,text,,NO,,NO,NO,,
realtime,messages,id,uuid,gen_random_uuid(),NO,messages_pkey (PRIMARY KEY),YES,NO,,
realtime,messages,inserted_at,timestamp without time zone,now(),NO,messages_pkey (PRIMARY KEY),YES,NO,,
realtime,messages,payload,jsonb,,YES,,NO,NO,,
realtime,messages,private,boolean,false,YES,,NO,NO,,
realtime,messages,topic,text,,NO,,NO,NO,,
realtime,messages,updated_at,timestamp without time zone,now(),NO,,NO,NO,,
realtime,schema_migrations,inserted_at,timestamp without time zone,,YES,,NO,NO,,
realtime,schema_migrations,version,bigint,,NO,schema_migrations_pkey (PRIMARY KEY),YES,NO,,
realtime,subscription,claims,jsonb,,NO,,NO,NO,,
realtime,subscription,claims_role,regrole,,NO,,NO,NO,,
realtime,subscription,created_at,timestamp without time zone,"timezone('utc'::text, now())",NO,,NO,NO,,
realtime,subscription,entity,regclass,,NO,,NO,NO,,
realtime,subscription,filters,ARRAY,'{}'::realtime.user_defined_filter[],NO,,NO,NO,,
realtime,subscription,id,bigint,,NO,pk_subscription (PRIMARY KEY),YES,NO,,
realtime,subscription,subscription_id,uuid,,NO,,NO,NO,,
storage,buckets,allowed_mime_types,ARRAY,,YES,,NO,NO,,
storage,buckets,avif_autodetection,boolean,false,YES,,NO,NO,,
storage,buckets,created_at,timestamp with time zone,now(),YES,,NO,NO,,
storage,buckets,file_size_limit,bigint,,YES,,NO,NO,,
storage,buckets,id,text,,NO,buckets_pkey (PRIMARY KEY),YES,NO,,
storage,buckets,name,text,,NO,,NO,NO,,
storage,buckets,owner,uuid,,YES,,NO,NO,,
storage,buckets,owner_id,text,,YES,,NO,NO,,
storage,buckets,public,boolean,false,YES,,NO,NO,,
storage,buckets,type,USER-DEFINED,'STANDARD'::storage.buckettype,NO,,NO,NO,,
storage,buckets,updated_at,timestamp with time zone,now(),YES,,NO,NO,,
storage,buckets_analytics,created_at,timestamp with time zone,now(),NO,,NO,NO,,
storage,buckets_analytics,format,text,'ICEBERG'::text,NO,,NO,NO,,
storage,buckets_analytics,id,text,,NO,buckets_analytics_pkey (PRIMARY KEY),YES,NO,,
storage,buckets_analytics,type,USER-DEFINED,'ANALYTICS'::storage.buckettype,NO,,NO,NO,,
storage,buckets_analytics,updated_at,timestamp with time zone,now(),NO,,NO,NO,,
storage,migrations,executed_at,timestamp without time zone,CURRENT_TIMESTAMP,YES,,NO,NO,,
storage,migrations,hash,character varying,,NO,,NO,NO,,
storage,migrations,id,integer,,NO,,NO,NO,,
storage,migrations,name,character varying,,NO,,NO,NO,,
storage,objects,bucket_id,text,,YES,objects_bucketId_fkey (FOREIGN KEY),NO,YES,,
storage,objects,created_at,timestamp with time zone,now(),YES,,NO,NO,,
storage,objects,id,uuid,gen_random_uuid(),NO,objects_pkey (PRIMARY KEY),YES,NO,,
storage,objects,last_accessed_at,timestamp with time zone,now(),YES,,NO,NO,,
storage,objects,level,integer,,YES,,NO,NO,,
storage,objects,metadata,jsonb,,YES,,NO,NO,,
storage,objects,name,text,,YES,,NO,NO,,
storage,objects,owner,uuid,,YES,,NO,NO,,
storage,objects,owner_id,text,,YES,,NO,NO,,
storage,objects,path_tokens,ARRAY,,YES,,NO,NO,,
storage,objects,updated_at,timestamp with time zone,now(),YES,,NO,NO,,
storage,objects,user_metadata,jsonb,,YES,,NO,NO,,
storage,objects,version,text,,YES,,NO,NO,,
storage,prefixes,bucket_id,text,,NO,prefixes_bucketId_fkey (FOREIGN KEY); prefixes_pkey (PRIMARY KEY),YES,YES,,
storage,prefixes,created_at,timestamp with time zone,now(),YES,,NO,NO,,
storage,prefixes,level,integer,,NO,prefixes_pkey (PRIMARY KEY),YES,NO,,
storage,prefixes,name,text,,NO,prefixes_pkey (PRIMARY KEY),YES,NO,,
storage,prefixes,updated_at,timestamp with time zone,now(),YES,,NO,NO,,
storage,s3_multipart_uploads,bucket_id,text,,NO,s3_multipart_uploads_bucket_id_fkey (FOREIGN KEY),NO,YES,,
storage,s3_multipart_uploads,created_at,timestamp with time zone,now(),NO,,NO,NO,,
storage,s3_multipart_uploads,id,text,,NO,s3_multipart_uploads_pkey (PRIMARY KEY),YES,NO,,
storage,s3_multipart_uploads,in_progress_size,bigint,0,NO,,NO,NO,,
storage,s3_multipart_uploads,key,text,,NO,,NO,NO,,
storage,s3_multipart_uploads,owner_id,text,,YES,,NO,NO,,
storage,s3_multipart_uploads,upload_signature,text,,NO,,NO,NO,,
storage,s3_multipart_uploads,user_metadata,jsonb,,YES,,NO,NO,,
storage,s3_multipart_uploads,version,text,,NO,,NO,NO,,
storage,s3_multipart_uploads_parts,bucket_id,text,,NO,s3_multipart_uploads_parts_bucket_id_fkey (FOREIGN KEY),NO,YES,,
storage,s3_multipart_uploads_parts,created_at,timestamp with time zone,now(),NO,,NO,NO,,
storage,s3_multipart_uploads_parts,etag,text,,NO,,NO,NO,,
storage,s3_multipart_uploads_parts,id,uuid,gen_random_uuid(),NO,s3_multipart_uploads_parts_pkey (PRIMARY KEY),YES,NO,,
storage,s3_multipart_uploads_parts,key,text,,NO,,NO,NO,,
storage,s3_multipart_uploads_parts,owner_id,text,,YES,,NO,NO,,
storage,s3_multipart_uploads_parts,part_number,integer,,NO,,NO,NO,,
storage,s3_multipart_uploads_parts,size,bigint,0,NO,,NO,NO,,
storage,s3_multipart_uploads_parts,upload_id,text,,NO,s3_multipart_uploads_parts_upload_id_fkey (FOREIGN KEY),NO,YES,,
storage,s3_multipart_uploads_parts,version,text,,NO,,NO,NO,,
supabase_migrations,schema_migrations,created_by,text,,YES,,NO,NO,,
supabase_migrations,schema_migrations,idempotency_key,text,,YES,schema_migrations_idempotency_key_key (UNIQUE),NO,NO,,
supabase_migrations,schema_migrations,name,text,,YES,,NO,NO,,
supabase_migrations,schema_migrations,statements,ARRAY,,YES,,NO,NO,,
supabase_migrations,schema_migrations,version,text,,NO,schema_migrations_pkey (PRIMARY KEY),YES,NO,,
vault,decrypted_secrets,created_at,timestamp with time zone,,YES,,NO,NO,,
vault,decrypted_secrets,decrypted_secret,text,,YES,,NO,NO,,
vault,decrypted_secrets,description,text,,YES,,NO,NO,,
vault,decrypted_secrets,id,uuid,,YES,,NO,NO,,
vault,decrypted_secrets,key_id,uuid,,YES,,NO,NO,,
vault,decrypted_secrets,name,text,,YES,,NO,NO,,
vault,decrypted_secrets,nonce,bytea,,YES,,NO,NO,,
vault,decrypted_secrets,secret,text,,YES,,NO,NO,,
vault,decrypted_secrets,updated_at,timestamp with time zone,,YES,,NO,NO,,
vault,secrets,created_at,timestamp with time zone,CURRENT_TIMESTAMP,NO,,NO,NO,,
vault,secrets,description,text,''::text,NO,,NO,NO,,
vault,secrets,id,uuid,gen_random_uuid(),NO,secrets_pkey (PRIMARY KEY),YES,NO,,
vault,secrets,key_id,uuid,,YES,,NO,NO,,
vault,secrets,name,text,,YES,,NO,NO,,
vault,secrets,nonce,bytea,vault._crypto_aead_det_noncegen(),YES,,NO,NO,,
vault,secrets,secret,text,,NO,,NO,NO,,
vault,secrets,updated_at,timestamp with time zone,CURRENT_TIMESTAMP,NO,,NO,NO,,
